car,lap,time_s
5,1,30.979
5,2,31.076
5,3,31.165
5,4,31.189
5,5,31.164
5,6,31.078
5,7,31.104
5,8,31.062
5,9,30.982
5,10,31.053
5,11,31.170
5,12,31.118
5,13,31.077
5,14,31.022
5,15,31.103
5,16,31.068
5,17,31.121
5,18,31.161
5,19,30.945
5,20,31.123
5,21,31.018
5,22,31.064
5,23,31.043
5,24,31.234
5,25,31.203
5,26,31.194
5,27,31.099
5,28,31.048
5,29,31.136
5,30,31.186
5,31,31.168
5,32,31.233
5,33,31.154
5,34,31.329
5,35,31.242
5,36,31.353
5,37,31.218
5,38,31.184
5,39,31.139
5,40,31.274
11,1,31.287
11,2,31.220
11,3,31.244
11,4,31.194
11,5,31.187
11,6,31.201
11,7,31.078
11,8,31.151
11,9,31.239
11,10,31.250
11,11,31.330
11,12,31.298
11,13,31.285
11,14,31.260
11,15,31.080
11,16,31.268
11,17,31.197
11,18,31.311
11,19,31.253
11,20,31.253
11,21,31.241
11,22,31.264
11,23,31.136
11,24,31.169
11,25,31.396
11,26,31.338
11,27,31.272
11,28,31.284
11,29,31.286
11,30,31.578
11,31,31.365
11,32,31.327
11,33,31.278
11,34,31.147
11,35,31.349
11,36,31.454
11,37,31.422
11,38,31.372
11,39,31.307
11,40,31.265
24,1,31.129
24,2,31.094
24,3,31.040
24,4,31.267
24,5,31.064
24,6,31.100
24,7,30.957
24,8,31.287
24,9,31.142
24,10,31.153
24,11,31.186
24,12,31.100
24,13,31.121
24,14,31.198
24,15,31.113
24,16,31.208
24,17,31.284
24,18,31.252
24,19,31.308
24,20,31.285
24,21,31.342
24,22,31.230
24,23,31.245
24,24,31.128
24,25,31.205
24,26,31.166
24,27,31.221
24,28,31.148
24,29,31.261
24,30,31.445
24,31,31.181
24,32,31.293
24,33,31.301
24,34,31.197
24,35,31.236
24,36,31.221
24,37,31.302
24,38,31.220
24,39,31.483
24,40,31.348
48,1,31.404
48,2,31.489
48,3,31.431
48,4,31.317
48,5,31.358
48,6,31.336
48,7,31.358
48,8,31.419
48,9,31.187
48,10,31.216
48,11,31.327
48,12,31.393
48,13,31.322
48,14,31.350
48,15,31.457
48,16,31.427
48,17,31.368
48,18,31.354
48,19,31.267
48,20,31.428
48,21,31.401
48,22,31.320
48,23,31.439
48,24,31.374
48,25,31.380
48,26,31.280
48,27,31.486
48,28,31.358
48,29,31.446
48,30,31.445
48,31,31.385
48,32,31.429
48,33,31.419
48,34,31.422
48,35,31.461
48,36,31.398
48,37,31.508
48,38,31.466
48,39,31.367
48,40,31.498
